[
    {
      "Id": 1,
      "Title": "Cup Cake Diaries",
      "Price": 17.00,
      "Stock": 10,
      "ImageUrl": "/images/book1.jpg"
    },
    {
      "Id": 2,
      "Title": "Broken Silence",
      "Price": 28.70,
      "Stock": 5,
      "ImageUrl": "/images/book2.jpg"
    },
    {
      "Id": 3,
      "Title": "A Thousand Seeds",
      "Price": 20.30,
      "Stock": 3,
      "ImageUrl": "/images/book3.jpg"
    },
    {
      "Id": 4,
      "Title": "Art & Fashion",
      "Price": 32.50,
      "Stock": 8,
      "ImageUrl": "/images/book4.jpg"
    },
    {
      "Id": 5,
      "Title": "Inspiration Speaks",
      "Price": 23.99,
      "Stock": 6,
      "ImageUrl": "/images/book5.jpg"
    },
    {
      "Id": 6,
      "Title": "Frankenstein",
      "Price": 18.00,
      "Stock": 4,
      "ImageUrl": "/images/book6.jpg"
    },
    {
      "Id": 7,
      "Title": "The Great Escape",
      "Price": 25.00,
      "Stock": 12,
      "ImageUrl": "/images/book7.jpg"
    },
    {
      "Id": 8,
      "Title": "Magic Realms",
      "Price": 22.00,
      "Stock": 15,
      "ImageUrl": "/images/book8.jpg"
    },
    {
      "Id": 9,
      "Title": "Code of Legends",
      "Price": 19.50,
      "Stock": 7,
      "ImageUrl": "/images/book9.jpg"
    },
    {
      "Id": 10,
      "Title": "Galaxy Unknown",
      "Price": 21.75,
      "Stock": 9,
      "ImageUrl": "/images/book10.jpg"
    },
    {
      "Id": 11,
      "Title": "Beyond the Wall",
      "Price": 24.30,
      "Stock": 2,
      "ImageUrl": "/images/book11.jpg"
    },
    {
      "Id": 12,
      "Title": "Journey Within",
      "Price": 26.99,
      "Stock": 11,
      "ImageUrl": "/images/book12.jpg"
    }
  ]
  